{
  "project_info": {
    "project_number": "733789323777",
    "firebase_url": "https://test1-1588353315666.firebaseio.com",
    "project_id": "test1-1588353315666",
    "storage_bucket": "test1-1588353315666.appspot.com"
  },
  "client": [
    {
      "client_info": {
        "mobilesdk_app_id": "1:733789323777:android:4500fad8545830049bb600",
        "android_client_info": {
          "package_name": "com.example.demogooglelog"
        }
      },
      "oauth_client": [
        {
          "client_id": "733789323777-pfarc4i1rg0fsb8j5brnad32c33ju9gv.apps.googleusercontent.com",
          "client_type": 3
        }
      ],
      "api_key": [
        {
          "current_key": "AIzaSyAqikg2esrh1k5DBrzDC7ejifpH2w2811Y"
        }
      ],
      "services": {
        "appinvite_service": {
          "other_platform_oauth_client": [
            {
              "client_id": "733789323777-pfarc4i1rg0fsb8j5brnad32c33ju9gv.apps.googleusercontent.com",
              "client_type": 3
            }
          ]
        }
      }
    }
  ],
  "configuration_version": "1"
}